suburb,address,price,sold_date,sale_method,beds,baths,parking,area_m2,property_type,url,source_page,collected_on
Parramatta,2/16 Betts Street,660000,2026-09-12,private treaty,2,1,1,,Apartment / Unit / Flat,https://www.domain.com.au/2-16-betts-street-parramatta-nsw-2150-2021061263,"sold-listings (all types), page 1",2026-10-01
Parramatta,1404/1-3 Valentine Avenue,320000,2026-09-11,private treaty,1,1,0,,Apartment / Unit / Flat,https://www.domain.com.au/1404-1-3-valentine-avenue-parramatta-nsw-2150-2021149469,"sold-listings (all types), page 1",2026-10-01
Parramatta,15/12 Early Street,493000,2026-09-11,private treaty,2,1,1,,Apartment / Unit / Flat,https://www.domain.com.au/15-12-early-street-parramatta-nsw-2150-2020980997,"sold-listings (all types), page 1",2026-10-01
Parramatta,33/68 Great Western Highway,520000,2026-09-11,private treaty,2,1,1,,Apartment / Unit / Flat,https://www.domain.com.au/33-68-great-western-highway-parramatta-nsw-2150-2020943564,"sold-listings (all types), page 1",2026-10-01
Parramatta,505/23 Hassall Street,660000,2026-09-09,private treaty,2,2,1,,Apartment / Unit / Flat,https://www.domain.com.au/505-23-hassall-street-parramatta-nsw-2150-2020750030,"sold-listings (all types), page 1",2026-10-01
Parramatta,89/459-463 Church Street,580000,2026-09-04,private treaty,2,2,1,,Apartment / Unit / Flat,https://www.domain.com.au/89-459-463-church-street-parramatta-nsw-2150-2020441602,"sold-listings (all types), page 1",2026-10-01
Parramatta,8/64-66 Great Western Highway,425000,2026-09-04,private treaty,1,1,1,,Apartment / Unit / Flat,https://www.domain.com.au/8-64-66-great-western-highway-parramatta-nsw-2150-2021071261,"sold-listings (all types), page 1",2026-10-01
Parramatta,1702/45 Macquarie Street,705000,2026-09-04,private treaty,2,2,1,,Apartment / Unit / Flat,https://www.domain.com.au/1702-45-macquarie-street-parramatta-nsw-2150-2020659838,"sold-listings (all types), page 1",2026-10-01
Parramatta,10/4 Peace Lane,570000,2026-09-03,private treaty,2,2,1,108,Apartment / Unit / Flat,https://www.domain.com.au/10-4-peace-lane-parramatta-nsw-2150-2020795902,"sold-listings (all types), page 1",2026-10-01
Parramatta,9/178 George Street,490000,2026-09-01,private treaty,1,1,0,,Apartment / Unit / Flat,https://www.domain.com.au/9-178-george-street-parramatta-nsw-2150-2021070163,"sold-listings (all types), page 1",2026-10-01
Bondi,7/28-30 Fletcher Street,2450000,2026-09-15,private treaty,2,1,1,,Apartment / Unit / Flat,https://www.domain.com.au/7-28-30-fletcher-street-bondi-nsw-2026-2021022114,"sold-listings (all types), page 1",2026-10-01
Bondi,1/13 Bennett Street,1760000,2026-09-08,auction,2,1,1,,Apartment / Unit / Flat,https://www.domain.com.au/1-13-bennett-street-bondi-nsw-2026-2021072983,"sold-listings (all types), page 1",2026-10-01
Bondi,402/56A-62 Penkivil Street,2300000,2026-09-07,private treaty,3,2,2,,Apartment / Unit / Flat,https://www.domain.com.au/402-56a-62-penkivil-street-bondi-nsw-2026-2021108930,"sold-listings (all types), page 1",2026-10-01
Bondi,5601/34 Wellington Street,2600000,2026-09-01,prior to auction,2,2,1,,Apartment / Unit / Flat,https://www.domain.com.au/5601-34-wellington-street-bondi-nsw-2026-2021048134,"sold-listings (all types), page 1",2026-10-01
Bondi,8B Castlefield Street,2750000,2026-08-25,prior to auction,3,2,1,,Semi-detached,https://www.domain.com.au/8b-castlefield-street-bondi-nsw-2026-2021009555,"sold-listings (all types), page 1",2026-10-01
Bondi,6 Miller Street,3500000,2026-08-15,auction,3,2,3,,House,https://www.domain.com.au/6-miller-street-bondi-nsw-2026-2021001846,"sold-listings (all types), page 1",2026-10-01
Bondi,1 Miller Street,5400000,2026-08-12,prior to auction,5,4,3,307,House,https://www.domain.com.au/1-miller-street-bondi-nsw-2026-2021021796,"sold-listings (all types), page 1",2026-10-01
Bondi,3/38 Flood Street,1010000,2026-08-06,auction,2,1,0,,Apartment / Unit / Flat,https://www.domain.com.au/3-38-flood-street-bondi-nsw-2026-2021020659,"sold-listings (all types), page 1",2026-10-01
Bondi,7/162 Bondi Road,650000,2026-08-06,private treaty,1,1,0,,Apartment / Unit / Flat,https://www.domain.com.au/7-162-bondi-road-bondi-nsw-2026-2021056607,"sold-listings (all types), page 1",2026-10-01
Bondi,29/41-47 Ocean Street North,1330000,2026-07-06,prior to auction,2,1,1,,Apartment / Unit / Flat,https://www.domain.com.au/29-41-47-ocean-street-north-bondi-nsw-2026-2020906830,"sold-listings (all types), page 1",2026-10-01
Bondi,7/17 Ocean Street North,946000,2026-06-18,auction,1,1,0,,Apartment / Unit / Flat,https://www.domain.com.au/7-17-ocean-street-north-bondi-nsw-2026-2020888336,"sold-listings (all types), page 1",2026-10-01
Penrith,5/90-92 Cox Avenue,820000,2026-08-11,private treaty,3,2,2,,Townhouse,https://www.domain.com.au/5-90-92-cox-avenue-penrith-nsw-2750-2021015681,"sold-listings (all types), page 1",2026-10-01
Penrith,203/1 Markham Avenue,595000,2026-08-10,private treaty,2,2,1,,Apartment / Unit / Flat,https://www.domain.com.au/203-1-markham-avenue-penrith-nsw-2750-2021017755,"sold-listings (all types), page 1",2026-10-01
Penrith,28 Cooper Street,1060000,2026-08-07,private treaty,3,2,1,657,House,https://www.domain.com.au/28-cooper-street-penrith-nsw-2750-2021061853,"sold-listings (all types), page 1",2026-10-01
Penrith,16 Burrows Street,870000,2026-08-04,private treaty,2,2,1,,House,https://www.domain.com.au/16-burrows-street-penrith-nsw-2750-2020979458,"sold-listings (all types), page 1",2026-10-01
Penrith,8 Cudgee Road,802000,2026-07-29,private treaty,4,2,1,390,House,https://www.domain.com.au/8-cudgee-road-penrith-nsw-2750-2020905014,"sold-listings (all types), page 1",2026-10-01
Penrith,631/1-39 Lord Sheffield Circuit,539000,2026-07-29,private treaty,1,1,1,,Apartment / Unit / Flat,https://www.domain.com.au/631-1-39-lord-sheffield-circuit-penrith-nsw-2750-2020837201,"sold-listings (all types), page 1",2026-10-01
Penrith,13/72-76 Union Road,585000,2026-07-27,private treaty,2,1,1,,Apartment / Unit / Flat,https://www.domain.com.au/13-72-76-union-road-penrith-nsw-2750-2021016996,"sold-listings (all types), page 1",2026-10-01
Penrith,404/8-10 Fulton Street,652000,2026-07-24,private treaty,2,2,1,,Apartment / Unit / Flat,https://www.domain.com.au/404-8-10-fulton-street-penrith-nsw-2750-2021025642,"sold-listings (all types), page 1",2026-10-01
Penrith,7/209 Derby Street,502500,2026-07-24,private treaty,2,1,1,,Apartment / Unit / Flat,https://www.domain.com.au/7-209-derby-street-penrith-nsw-2750-2020837709,"sold-listings (all types), page 1",2026-10-01
Penrith,3A Rodley Avenue,995000,2026-07-23,private treaty,3,2,1,,Duplex,https://www.domain.com.au/3a-rodley-avenue-penrith-nsw-2750-2020956353,"sold-listings (all types), page 1",2026-10-01
Penrith,53/42-44 Lethbridge Street,605000,2026-07-22,private treaty,2,2,2,,Apartment / Unit / Flat,https://www.domain.com.au/53-42-44-lethbridge-street-penrith-nsw-2750-2020878128,"sold-listings (all types), page 1",2026-10-01
Penrith,107/60 Lord Sheffield Circuit,550000,2026-07-21,private treaty,1,1,1,79,Apartment / Unit / Flat,https://www.domain.com.au/107-60-lord-sheffield-circuit-penrith-nsw-2750-2020922595,"sold-listings (all types), page 1",2026-10-01
Penrith,513/60 Lord Sheffield Circuit,549000,2026-07-21,private treaty,1,1,1,61,Apartment / Unit / Flat,https://www.domain.com.au/513-60-lord-sheffield-circuit-penrith-nsw-2750-2020806607,"sold-listings (all types), page 1",2026-10-01
Penrith,206/60 Lord Sheffield Circuit,740000,2026-07-20,private treaty,2,2,1,109,Apartment / Unit / Flat,https://www.domain.com.au/206-60-lord-sheffield-circuit-penrith-nsw-2750-2021047403,"sold-listings (all types), page 1",2026-10-01
Penrith,301/101D Lord Sheffield Circuit,605000,2026-07-20,private treaty,2,2,1,,Apartment / Unit / Flat,https://www.domain.com.au/301-101d-lord-sheffield-circuit-penrith-nsw-2750-2020904538,"sold-listings (all types), page 1",2026-10-01
Penrith,3/17-19 Haynes Street,449000,2026-07-17,private treaty,1,1,1,,Apartment / Unit / Flat,https://www.domain.com.au/3-17-19-haynes-street-penrith-nsw-2750-2021007551,"sold-listings (all types), page 1",2026-10-01
Penrith,6/171-173 Derby Street,470000,2026-07-14,private treaty,2,1,1,,Apartment / Unit / Flat,https://www.domain.com.au/6-171-173-derby-street-penrith-nsw-2750-2020961448,"sold-listings (all types), page 1",2026-10-01
Penrith,7/53-55 King Street,490000,2026-07-12,private treaty,2,1,1,,Apartment / Unit / Flat,https://www.domain.com.au/7-53-55-king-street-penrith-nsw-2750-2020959132,"sold-listings (all types), page 1",2026-10-01
Penrith,105/81C Lord Sheffield Circuit,675000,2026-07-10,private treaty,2,2,1,149,Apartment / Unit / Flat,https://www.domain.com.au/105-81c-lord-sheffield-circuit-penrith-nsw-2750-2021035787,"sold-listings (all types), page 1",2026-10-01
Penrith,510/10 Aviators Way,628000,2026-07-10,private treaty,2,2,1,115,Apartment / Unit / Flat,https://www.domain.com.au/510-10-aviators-way-penrith-nsw-2750-2020907551,"sold-listings (all types), page 1",2026-10-01
Parramatta,6/50 Morton Street,850000,2026-07-07,private treaty,2,2,1,,Villa,https://www.domain.com.au/6-50-morton-street-parramatta-nsw-2150-2020895238,"sold-listings/house, price disclosed, page 1",2026-10-01
Parramatta,124 Thomas Street,2300000,2026-06-27,private treaty,3,1,1,739,House,https://www.domain.com.au/124-thomas-street-parramatta-nsw-2150-2020502073,"sold-listings/house, price disclosed, page 1",2026-10-01
Parramatta,39 Pitt Street,1438888,2026-05-27,auction,5,3,2,319,Semi-detached,https://www.domain.com.au/39-pitt-street-parramatta-nsw-2150-2020824771,"sold-listings/house, price disclosed, page 1",2026-10-01
Parramatta,11 Pemberton Street,1610000,2026-05-27,private treaty,3,1,1,461,House,https://www.domain.com.au/11-pemberton-street-parramatta-nsw-2150-2020721730,"sold-listings/house, price disclosed, page 1",2026-10-01
Parramatta,51 Gore Street,1480000,2026-05-16,auction,3,1,1,461,House,https://www.domain.com.au/51-gore-street-parramatta-nsw-2150-2020775848,"sold-listings/house, price disclosed, page 1",2026-10-01
Parramatta,57 Pitt Street,1310000,2026-05-12,private treaty,4,2,2,236,House,https://www.domain.com.au/57-pitt-street-parramatta-nsw-2150-2020749469,"sold-listings/house, price disclosed, page 1",2026-10-01
Parramatta,28 Marsden Street,1555000,2026-05-02,auction,3,1,1,505,House,https://www.domain.com.au/28-marsden-street-parramatta-nsw-2150-2020744269,"sold-listings/house, price disclosed, page 1",2026-10-01
Parramatta,13 Morton Street,1800000,2026-04-04,private treaty,4,3,2,461,House,https://www.domain.com.au/13-morton-street-parramatta-nsw-2150-2020599158,"sold-listings/house, price disclosed, page 1",2026-10-01
Parramatta,58 Crimea Street,1620000,2026-02-09,private treaty,3,2,2,613,House,https://www.domain.com.au/58-crimea-street-parramatta-nsw-2150-2020324677,"sold-listings/house, price disclosed, page 1",2026-10-01
Parramatta,25 Lansdowne Street,1500000,2025-12-13,auction,3,1,2,,House,https://www.domain.com.au/25-lansdowne-street-parramatta-nsw-2150-2020416836,"sold-listings/house, price disclosed, page 1",2026-10-01
Parramatta,114 Thomas Street,1360000,2025-12-13,auction,3,2,1,381,House,https://www.domain.com.au/114-thomas-street-parramatta-nsw-2150-2020439528,"sold-listings/house, price disclosed, page 1",2026-10-01
Parramatta,7A Irving Street,1680000,2025-12-09,private treaty,5,3,2,462,House,https://www.domain.com.au/7a-irving-street-parramatta-nsw-2150-2020289692,"sold-listings/house, price disclosed, page 1",2026-10-01
Parramatta,7 Trott Street,1150000,2025-12-06,auction,2,1,2,,House,https://www.domain.com.au/7-trott-street-parramatta-nsw-2150-2020418375,"sold-listings/house, price disclosed, page 1",2026-10-01
Parramatta,1 Auburn Street,1500000,2025-12-03,prior to auction,3,2,1,717,House,https://www.domain.com.au/1-auburn-street-parramatta-nsw-2150-2020421139,"sold-listings/house, price disclosed, page 1",2026-10-01
Parramatta,42 Morton Street,2125000,2025-11-17,private treaty,5,3,2,,Semi-detached,https://www.domain.com.au/42-morton-street-parramatta-nsw-2150-2020287315,"sold-listings/house, price disclosed, page 1",2026-10-01
Parramatta,38 Inkerman Street,2010500,2025-11-15,auction,3,2,4,698,House,https://www.domain.com.au/38-inkerman-street-parramatta-nsw-2150-2020353724,"sold-listings/house, price disclosed, page 1",2026-10-01
Parramatta,131A Victoria Road,1230000,2025-11-08,private treaty,3,2,2,343,House,https://www.domain.com.au/131a-victoria-road-parramatta-nsw-2150-2020318854,"sold-listings/house, price disclosed, page 1",2026-10-01
Parramatta,1 Irving Street,2650000,2025-10-28,private treaty,3,2,3,942,House,https://www.domain.com.au/1-irving-street-parramatta-nsw-2150-2020292886,"sold-listings/house, price disclosed, page 1",2026-10-01
Parramatta,71 Pitt Street,1771000,2025-09-27,auction,6,2,5,455,House,https://www.domain.com.au/71-pitt-street-parramatta-nsw-2150-2020247084,"sold-listings/house, price disclosed, page 1",2026-10-01
Parramatta,1103/2 River Road West,610000,2026-09-28,private treaty,2,2,1,,Apartment / Unit / Flat,https://www.domain.com.au/1103-2-river-road-west-parramatta-nsw-2150-2020953995,"sold-listings (all types), price disclosed, page 2",2026-10-01
Parramatta,636K/2 Morton Street,710000,2026-09-26,private treaty,2,2,1,,Apartment / Unit / Flat,https://www.domain.com.au/636k-2-morton-street-parramatta-nsw-2150-2021031506,"sold-listings (all types), price disclosed, page 2",2026-10-01
Parramatta,35/76 Great Western Highway,610000,2026-09-25,private treaty,2,1,2,,Apartment / Unit / Flat,https://www.domain.com.au/35-76-great-western-highway-parramatta-nsw-2150-2021037944,"sold-listings (all types), price disclosed, page 2",2026-10-01
Parramatta,33/18 Thomas Street,605000,2026-09-25,private treaty,2,1,1,,Apartment / Unit / Flat,https://www.domain.com.au/33-18-thomas-street-parramatta-nsw-2150-2021118642,"sold-listings (all types), price disclosed, page 2",2026-10-01
Parramatta,3410/12 Phillip Street,855000,2026-09-23,private treaty,2,2,1,,Apartment / Unit / Flat,https://www.domain.com.au/3410-12-phillip-street-parramatta-nsw-2150-2021052550,"sold-listings (all types), price disclosed, page 2",2026-10-01
Parramatta,1010/6 River Road West,620000,2026-09-21,private treaty,2,2,1,126,Apartment / Unit / Flat,https://www.domain.com.au/1010-6-river-road-west-parramatta-nsw-2150-2021041312,"sold-listings (all types), price disclosed, page 2",2026-10-01
Parramatta,22/4 Peace Lane,500000,2026-09-19,auction,2,2,1,101,Apartment / Unit / Flat,https://www.domain.com.au/22-4-peace-lane-parramatta-nsw-2150-2021105024,"sold-listings (all types), price disclosed, page 2",2026-10-01
Parramatta,4/44-50 Thomas Street,720000,2026-09-16,private treaty,2,1,1,128,Townhouse,https://www.domain.com.au/4-44-50-thomas-street-parramatta-nsw-2150-2021012551,"sold-listings (all types), price disclosed, page 2",2026-10-01
Parramatta,2315/45 Macquarie Street,640000,2026-09-16,private treaty,2,2,1,,Apartment / Unit / Flat,https://www.domain.com.au/2315-45-macquarie-street-parramatta-nsw-2150-2021012386,"sold-listings (all types), price disclosed, page 2",2026-10-01
Bondi,62 Watson Street,3300000,2026-09-22,auction,3,2,1,,House,https://www.domain.com.au/62-watson-street-bondi-nsw-2026-2021108127,"sold-listings/house, price disclosed, page 1",2026-10-01
Bondi,344 Birrell Street,5860000,2026-08-12,prior to auction,5,3,1,,House,https://www.domain.com.au/344-birrell-street-bondi-nsw-2026-2021017171,"sold-listings/house, price disclosed, page 1",2026-10-01
Bondi,9/27 Castlefield Street,1520000,2026-06-16,prior to auction,2,1,2,,House,https://www.domain.com.au/9-27-castlefield-street-bondi-nsw-2026-2020861777,"sold-listings/house, price disclosed, page 1",2026-10-01
Bondi,3 Flood Street,4001000,2026-06-15,prior to auction,5,2,1,392,House,https://www.domain.com.au/3-flood-street-bondi-nsw-2026-2020823696,"sold-listings/house, price disclosed, page 1",2026-10-01
Bondi,5 Grove Street,3850000,2026-06-10,private treaty,4,2,1,,House,https://www.domain.com.au/5-grove-street-bondi-nsw-2026-2020803354,"sold-listings/house, price disclosed, page 1",2026-10-01
Bondi,38 Philip Street,4260000,2026-06-02,auction,3,2,,,House,https://www.domain.com.au/38-philip-street-bondi-nsw-2026-2020814305,"sold-listings/house, price disclosed, page 1",2026-10-01
Bondi,5/9-11 Ocean Street North,1445000,2026-05-26,auction,2,1,1,,House,https://www.domain.com.au/5-9-11-ocean-street-north-bondi-nsw-2026-2020801473,"sold-listings/house, price disclosed, page 1",2026-10-01
Bondi,14 Anglesea Street,5416000,2026-05-19,auction,6,4,1,415,House,https://www.domain.com.au/14-anglesea-street-bondi-nsw-2026-2020787322,"sold-listings/house, price disclosed, page 1",2026-10-01
Bondi,43 Dudley Street,5200000,2026-05-14,prior to auction,4,3,1,,House,https://www.domain.com.au/43-dudley-street-bondi-nsw-2026-2020518442,"sold-listings/house, price disclosed, page 1",2026-10-01
Bondi,76 Edward Street,4050000,2026-05-14,auction,3,2,1,,House,https://www.domain.com.au/76-edward-street-bondi-nsw-2026-2020771966,"sold-listings/house, price disclosed, page 1",2026-10-01
Bondi,68 Anglesea Street,3260000,2026-05-06,private treaty,3,1,,291,House,https://www.domain.com.au/68-anglesea-street-bondi-nsw-2026-2020679809,"sold-listings/house, price disclosed, page 1",2026-10-01
Bondi,15 Ewell Street,3150000,2026-03-10,private treaty,3,1,1,,House,https://www.domain.com.au/15-ewell-street-bondi-nsw-2026-2020602855,"sold-listings/house, price disclosed, page 1",2026-10-01
Bondi,11 Stephen Street,4100000,2026-03-05,prior to auction,3,1,1,,House,https://www.domain.com.au/11-stephen-street-bondi-nsw-2026-2020604035,"sold-listings/house, price disclosed, page 1",2026-10-01
Bondi,31 Dudley Street,4370000,2026-02-21,auction,3,2,1,227,House,https://www.domain.com.au/31-dudley-street-bondi-nsw-2026-2020556953,"sold-listings/house, price disclosed, page 1",2026-10-01
Bondi,8 New Street,3650000,2026-02-20,private treaty,4,2,,,House,https://www.domain.com.au/8-new-street-bondi-nsw-2026-2020554882,"sold-listings/house, price disclosed, page 1",2026-10-01
Bondi,2 Denham Street,6308000,2026-02-16,prior to auction,4,3,3,283,House,https://www.domain.com.au/2-denham-street-bondi-nsw-2026-2020549529,"sold-listings/house, price disclosed, page 1",2026-10-01
Bondi,4/11 Flood Street,1600000,2026-06-25,auction,2,2,1,,Apartment / Unit / Flat,https://www.domain.com.au/4-11-flood-street-bondi-nsw-2026-2020620392,"sold-listings/apartment, price disclosed, page 1",2026-10-01
Bondi,4/11 Flood Street,1600000,2026-06-25,private treaty,2,2,1,,Apartment / Unit / Flat,https://www.domain.com.au/4-11-flood-street-bondi-nsw-2026-2020954283,"sold-listings/apartment, price disclosed, page 1",2026-10-01
Bondi,7/18-20 Penkivil Street,2350000,2026-06-18,prior to auction,3,2,1,,Apartment / Unit / Flat,https://www.domain.com.au/7-18-20-penkivil-street-bondi-nsw-2026-2020886643,"sold-listings/apartment, price disclosed, page 1",2026-10-01
Bondi,13/7 Denham Street,1530000,2026-06-16,auction,2,1,1,,Apartment / Unit / Flat,https://www.domain.com.au/13-7-denham-street-bondi-nsw-2026-2020863806,"sold-listings/apartment, price disclosed, page 1",2026-10-01
Bondi,304/56a-62 Penkivil Street,2065000,2026-06-10,auction,2,2,1,,Apartment / Unit / Flat,https://www.domain.com.au/304-56a-62-penkivil-street-bondi-nsw-2026-2020803799,"sold-listings/apartment, price disclosed, page 1",2026-10-01
Bondi,6/36-38 Penkivil Street,1735000,2026-06-05,auction,3,2,1,,Apartment / Unit / Flat,https://www.domain.com.au/6-36-38-penkivil-street-bondi-nsw-2026-2020794848,"sold-listings/apartment, price disclosed, page 1",2026-10-01
Bondi,3/10-12 Fletcher Street,2000000,2026-06-02,private treaty,2,1,1,,Apartment / Unit / Flat,https://www.domain.com.au/3-10-12-fletcher-street-bondi-nsw-2026-2020842516,"sold-listings/apartment, price disclosed, page 1",2026-10-01
Bondi,17/22-28 Wellington Street,1520000,2026-05-26,prior to auction,2,1,1,,Apartment / Unit / Flat,https://www.domain.com.au/17-22-28-wellington-street-bondi-nsw-2026-2020767269,"sold-listings/apartment, price disclosed, page 1",2026-10-01
Bondi,15/240-242 Bondi Road,1450000,2026-05-22,private treaty,2,1,1,,Apartment / Unit / Flat,https://www.domain.com.au/15-240-242-bondi-road-bondi-nsw-2026-2020873708,"sold-listings/apartment, price disclosed, page 1",2026-10-01
Bondi,3/8 Fletcher Street,1425000,2026-05-14,private treaty,2,1,0,80,Apartment / Unit / Flat,https://www.domain.com.au/3-8-fletcher-street-bondi-nsw-2026-2020768532,"sold-listings/apartment, price disclosed, page 1",2026-10-01
Bondi,6/195-199 Bondi Road,1000000,2026-05-11,auction,2,1,0,,Apartment / Unit / Flat,https://www.domain.com.au/6-195-199-bondi-road-bondi-nsw-2026-2020623459,"sold-listings/apartment, price disclosed, page 1",2026-10-01
Bondi,6101/32 Wellington Street,1280000,2026-05-11,prior to auction,1,1,0,,Apartment / Unit / Flat,https://www.domain.com.au/6101-32-wellington-street-bondi-nsw-2026-2020778427,"sold-listings/apartment, price disclosed, page 1",2026-10-01
Penrith,36 Pelsart Avenue,1050000,2026-07-08,private treaty,3,1,1,632,House,https://www.domain.com.au/36-pelsart-avenue-penrith-nsw-2750-2020886856,"sold-listings/house, price disclosed, page 1",2026-10-01
Penrith,37/132 Lethbridge Street,485000,2026-07-01,private treaty,2,1,1,,House,https://www.domain.com.au/37-132-lethbridge-street-penrith-nsw-2750-2020900830,"sold-listings/house, price disclosed, page 1",2026-10-01
Penrith,29 Sydney Smith Drive,1210000,2026-06-30,private treaty,4,2,2,289,House,https://www.domain.com.au/29-sydney-smith-drive-penrith-nsw-2750-2020785232,"sold-listings/house, price disclosed, page 1",2026-10-01
Penrith,75 Empire Circuit,1000000,2026-06-26,private treaty,3,2,1,212,House,https://www.domain.com.au/75-empire-circuit-penrith-nsw-2750-2020876277,"sold-listings/house, price disclosed, page 1",2026-10-01
Penrith,31 & 31A Bel-air Road,1500000,2026-06-25,private treaty,5,4,2,558,House,https://www.domain.com.au/31-31a-bel-air-road-penrith-nsw-2750-2020877410,"sold-listings/house, price disclosed, page 1",2026-10-01
Penrith,49/37 Mulgoa Road,320000,2026-06-24,private treaty,2,1,0,66,Retirement Living,https://www.domain.com.au/49-37-mulgoa-road-penrith-nsw-2750-2020561206,"sold-listings/house, price disclosed, page 1",2026-10-01
Penrith,38 Brown Street,1025000,2026-06-19,private treaty,3,1,2,588,House,https://www.domain.com.au/38-brown-street-penrith-nsw-2750-2020872068,"sold-listings/house, price disclosed, page 1",2026-10-01
Penrith,17 Hornseywood Avenue,1055000,2026-06-18,private treaty,3,1,1,575,House,https://www.domain.com.au/17-hornseywood-avenue-penrith-nsw-2750-2020731734,"sold-listings/house, price disclosed, page 1",2026-10-01
Penrith,6/90 Lethbridge Street,640000,2026-06-15,private treaty,2,1,1,,Retirement Living,https://www.domain.com.au/6-90-lethbridge-street-penrith-nsw-2750-2020821180,"sold-listings/house, price disclosed, page 1",2026-10-01
Penrith,28 Rawson Avenue,1215000,2026-06-15,private treaty,4,2,2,498,House,https://www.domain.com.au/28-rawson-avenue-penrith-nsw-2750-2020573992,"sold-listings/house, price disclosed, page 1",2026-10-01
Penrith,4/151 Stafford Street,735000,2026-06-13,private treaty,3,1,1,159,Villa,https://www.domain.com.au/4-151-stafford-street-penrith-nsw-2750-2020779099,"sold-listings/house, price disclosed, page 1",2026-10-01
Penrith,24/37 Mulgoa Road,290000,2026-06-12,private treaty,2,1,0,79,Retirement Living,https://www.domain.com.au/24-37-mulgoa-road-penrith-nsw-2750-2020631114,"sold-listings/house, price disclosed, page 1",2026-10-01
Penrith,29/37 Mulgoa Road,435000,2026-06-09,private treaty,2,1,0,,House,https://www.domain.com.au/29-37-mulgoa-road-penrith-nsw-2750-2020911185,"sold-listings/house, price disclosed, page 1",2026-10-01
Penrith,14 Arakoon Avenue,1000000,2026-06-04,private treaty,4,2,2,648,House,https://www.domain.com.au/14-arakoon-avenue-penrith-nsw-2750-2020979392,"sold-listings/house, price disclosed, page 1",2026-10-01
Penrith,42 Gascoigne Street,910000,2026-06-02,private treaty,3,1,1,,House,https://www.domain.com.au/42-gascoigne-street-penrith-nsw-2750-2020819533,"sold-listings/house, price disclosed, page 1",2026-10-01
Penrith,5/209 Derby Street,450500,2026-08-24,private treaty,2,1,1,,Apartment / Unit / Flat,https://www.domain.com.au/5-209-derby-street-penrith-nsw-2750-2021041866,"sold-listings (all types), price disclosed, page 2",2026-10-01
Penrith,102/1 Markham Avenue,600000,2026-08-22,private treaty,2,2,1,,Apartment / Unit / Flat,https://www.domain.com.au/102-1-markham-avenue-penrith-nsw-2750-2021006024,"sold-listings (all types), price disclosed, page 2",2026-10-01
Penrith,1/9-11 Thurston Street,720000,2026-08-19,private treaty,3,1,1,,Townhouse,https://www.domain.com.au/1-9-11-thurston-street-penrith-nsw-2750-2021000248,"sold-listings (all types), price disclosed, page 2",2026-10-01
Penrith,6 Karuah Road,900000,2026-08-18,private treaty,3,1,1,696,House,https://www.domain.com.au/6-karuah-road-penrith-nsw-2750-2020592206,"sold-listings (all types), price disclosed, page 2",2026-10-01
Penrith,10/83-85 Union Road,600000,2026-08-17,private treaty,2,2,1,,Apartment / Unit / Flat,https://www.domain.com.au/10-83-85-union-road-penrith-nsw-2750-2020981909,"sold-listings (all types), price disclosed, page 2",2026-10-01
Penrith,5/90 Lethbridge Street,581000,2026-08-17,private treaty,2,1,1,,Retirement Living,https://www.domain.com.au/5-90-lethbridge-street-penrith-nsw-2750-2021015879,"sold-listings (all types), price disclosed, page 2",2026-10-01
Penrith,1/29 Lethbridge Street,567000,2026-08-14,private treaty,2,2,1,,Apartment / Unit / Flat,https://www.domain.com.au/1-29-lethbridge-street-penrith-nsw-2750-2020741200,"sold-listings (all types), price disclosed, page 2",2026-10-01
Penrith,178A Derby Street,990000,2026-08-07,private treaty,3,3,2,299,House,https://www.domain.com.au/178a-derby-street-penrith-nsw-2750-2020963901,"sold-listings (all types), price disclosed, page 2",2026-10-01
Penrith,405/2C Lord Sheffield Circuit,585000,2026-08-06,private treaty,1,1,1,79,Apartment / Unit / Flat,https://www.domain.com.au/405-2c-lord-sheffield-circuit-penrith-nsw-2750-2020877201,"sold-listings (all types), price disclosed, page 2",2026-10-01
Penrith,17/171 Derby Street,440000,2026-08-05,private treaty,2,1,1,2364,Apartment / Unit / Flat,https://www.domain.com.au/17-171-derby-street-penrith-nsw-2750-2021020639,"sold-listings (all types), price disclosed, page 2",2026-10-01
Penrith,6/19-21 Thurston Street,545000,2026-08-04,private treaty,2,1,1,1751,Apartment / Unit / Flat,https://www.domain.com.au/6-19-21-thurston-street-penrith-nsw-2750-2021167015,"sold-listings (all types), price disclosed, page 2",2026-10-01
Penrith,110/115 Derby Street,530000,2026-08-04,private treaty,1,1,1,61,Apartment / Unit / Flat,https://www.domain.com.au/110-115-derby-street-penrith-nsw-2750-2021092056,"sold-listings (all types), price disclosed, page 2",2026-10-01
Penrith,94/37 Mulgoa Road,325000,2026-07-31,private treaty,2,1,0,,Apartment / Unit / Flat,https://www.domain.com.au/94-37-mulgoa-road-penrith-nsw-2750-2021108819,"sold-listings (all types), price disclosed, page 2",2026-10-01
